[{"uid": "hama.hamayado", "name": "Hama Yado"}, {"uid": "hama.rashed.180", "name": "Hama Rashed"}, {"uid": "100007288605239", "name": "Hama Sadradin"}, {"uid": "100030062029006", "name": "Hama Sherwani"}, {"uid": "haval.hamad.94", "name": "Haval Hamad"}, {"uid": "hama.rahman.73345", "name": "Hama Hama"}, {"uid": "hama.kawani.31", "name": "Hama Kawani"}, {"uid": "100029606684936", "name": "Hama"}, {"uid": "100013196479110", "name": "Hama Sorani"}, {"uid": "hama.dolamarii", "name": "Hama Dolamarii"}, {"uid": "hama.dolamarii.1", "name": "Hama Dolamarii"}, {"uid": "100029910706165", "name": "HA MA"}, {"uid": "100017479809565", "name": "Hama Degret"}, {"uid": "100028268902516", "name": "Hama Surchi"}, {"uid": "zanyarkadir123", "name": "Ha Ma"}, {"uid": "hamaashq40", "name": "Hama Xoshnaw"}, {"uid": "muhammad.tanhato", "name": "Hama Baper"}, {"uid": "100009366906501", "name": "Hama Shaqlawa"}, {"uid": "dler.hamad.1", "name": "Dler Hamad"}, {"uid": "hamaa.zandy", "name": "Hama Zandy"}, {"uid": "dlvin.hamad", "name": "Dlvin Hamad"}, {"uid": "100025806623352", "name": "Ha Ma"}, {"uid": "mohammed.barzani.5", "name": "Mohammed Tahsin Barzani"}, {"uid": "hamo.agha.71", "name": "Ha Ma"}, {"uid": "mhamadamin.mustafa.1", "name": "HA MA"}, {"uid": "dana.hamad.73", "name": "Dana Hamad"}, {"uid": "ha.ma.3781", "name": "Hama Nzar Hamanzar"}, {"uid": "hama.zyad.35", "name": "Hama Zyad"}, {"uid": "abdwlla.arsalan", "name": "Hama Pubg"}, {"uid": "100054455166687", "name": "Hama Said"}, {"uid": "hama.masefi.94", "name": "Hama Masefi"}, {"uid": "HamaIV.Official", "name": "Hama IV"}, {"uid": "hama.barzani.35513", "name": "Hama Barzani"}, {"uid": "7ama.ryan", "name": "HaMa Ryan"}, {"uid": "mahamed.karawany", "name": "Ha Ma"}, {"uid": "MuhammedJaf", "name": "Hama Awni Haji Qado"}, {"uid": "hama.bazaz.921", "name": "Hama Bazaz"}, {"uid": "100009234736495", "name": "Hama Ballak"}, {"uid": "hama.hahmad.3", "name": "Hama H Ahmad"}, {"uid": "100009130938622", "name": "Hama Barber"}, {"uid": "hama.dlshkaw.520", "name": "Hama A Karem Shekhane"}, {"uid": "100017186916694", "name": "Hama Ararat"}, {"uid": "hama.yalmas.5437", "name": "Hama Yalmas"}, {"uid": "100007670595003", "name": "Hama Dolamary"}, {"uid": "kafto.klo", "name": "Hama T Tanya"}, {"uid": "100026858176648", "name": "Hama Sorani"}, {"uid": "hama.nanakaly.796", "name": "Hama Camaro"}, {"uid": "Mahamad.dolamariiii", "name": "Hama Kh Dolamarii"}, {"uid": "100053920842840", "name": "HaMa Dlshad"}, {"uid": "hama.koore", "name": "Hama Koore"}]